Év	Háztartások nettó átlagjövedelme az alsó jövedelmi decilisben (Ft/hó)	Albérletárak (Ft/nm)	Nettó átlagjöv változás (Ft)	Albérletár-változás (Ft)	Nettó átlagjöv változás aránya	Albérletár-változás aránya
2010	301552.743325079	1224.866833			1	1
2011	312483.213476997	1377.430392	10930.4701519186	152.563559	1.0362472914	1.1245552209
2012	287969.104427839	1454.693484	-24514.1090491588	77.263092	0.9549543514	1.1876339899
2013	302659.727312753	1537.032254	14690.6228849145	82.33877	1.0036709465	1.25485662
2014	317152.852377436	1776.487281	14493.1250646833	239.455027	1.0517326053	1.4503513632
2015	333868.478943489	2011.561873	16715.6265660523	235.074592	1.1071644558	1.6422698524
2016	335949.387766349	2293.048771	2080.9088228608	281.486898	1.1140651021	1.8720800574
2017		2498.632949				2.0399221219
